City_ID,City,Lat,Lng,Max Temp,Humidity,Cloudiness,Wind Speed,Country,Date
0,bluff,-46.6,168.3333,11.56,61,98,10.61,NZ,1682306908
1,flinders,-34.5833,150.8552,23.54,71,74,0.45,AU,1682306908
2,poronaysk,49.2167,143.1167,6.79,44,94,5.94,RU,1682306908
3,port elizabeth,-33.918,25.5701,18.39,92,20,3.09,ZA,1682306766
4,truckee,39.328,-120.1833,14.18,59,0,3.09,US,1682306909
5,quimper,48.0,-4.1,9.31,87,75,1.03,FR,1682306909
6,port alfred,-33.5906,26.891,21.45,61,100,2.0,ZA,1682306909
7,norman wells,65.282,-126.8329,-11.98,79,100,5.66,CA,1682306909
8,punta alta,-38.8759,-62.0736,14.48,56,0,3.02,AR,1682306909
9,arrecife,28.963,-13.5477,17.99,77,0,5.14,ES,1682306892
10,hermanus,-34.4187,19.2345,19.33,94,100,3.52,ZA,1682306909
11,thompson,55.7435,-97.8558,-0.91,55,20,1.54,CA,1682306910
12,avarua,-21.2078,-159.775,26.03,61,57,3.6,CK,1682306910
13,yellowknife,62.456,-114.3525,5.31,65,20,2.06,CA,1682306881
14,ushuaia,-54.8,-68.3,5.81,61,20,1.03,AR,1682306780
15,hobart,-42.8794,147.3294,20.92,45,0,3.6,AU,1682306671
16,hilo,19.7297,-155.09,25.85,80,100,4.63,US,1682306855
17,talnakh,69.4865,88.3972,1.23,83,97,3.72,RU,1682306910
18,north bend,43.4065,-124.2243,11.07,85,100,4.12,US,1682306911
19,dikson,73.5069,80.5464,0.88,85,94,7.44,RU,1682306911
20,meulaboh,4.1363,96.1285,29.1,74,99,1.03,ID,1682306911
21,carnarvon,-24.8667,113.6333,22.68,67,100,7.7,AU,1682306911
22,rikitea,-23.1203,-134.9692,26.57,84,100,7.19,PF,1682306911
23,grajau,-5.8194,-46.1386,22.96,84,98,1.44,BR,1682306912
24,hamilton,39.1834,-84.5333,5.69,71,100,1.54,US,1682306912
25,bredasdorp,-34.5322,20.0403,18.3,85,100,2.43,ZA,1682306912
26,zhanaozen,43.3,52.8,18.68,33,94,9.22,KZ,1682306912
27,albany,42.6001,-73.9662,6.24,84,100,4.92,US,1682306760
28,ola,59.5833,151.2833,2.34,72,100,6.45,RU,1682306912
29,talcahuano,-36.7167,-73.1167,11.82,100,100,2.57,CL,1682306912
30,khani,41.9563,42.9566,6.76,88,89,2.42,GE,1682306913
31,humaita,-7.5061,-63.0208,22.46,97,88,1.06,BR,1682306913
32,kavieng,-2.5744,150.7967,29.05,73,44,3.22,PG,1682306913
33,bashmakovo,53.2133,43.0342,10.32,58,97,2.01,RU,1682306913
34,cherskiy,68.75,161.3,2.67,89,2,1.94,RU,1682306913
35,rocha,-34.4833,-54.3333,15.9,97,100,1.98,UY,1682306913
36,tessalit,20.1986,1.0114,25.58,16,0,2.7,ML,1682306913
37,sao jose da coroa grande,-8.8978,-35.1478,24.96,84,89,3.31,BR,1682306913
38,cabo san lucas,22.8909,-109.9124,25.61,65,20,2.06,MX,1682306910
39,mahalapye,-23.1041,26.8142,17.5,32,70,1.54,BW,1682306914
40,porbandar,21.6422,69.6093,27.03,69,100,4.78,IN,1682306914
41,pozo colorado,-23.4923,-58.7972,17.11,86,0,1.81,PY,1682306914
42,cayenne,4.9333,-52.3333,24.02,100,100,0.0,GF,1682306827
43,kovilpatti,9.1667,77.8667,29.54,62,29,2.68,IN,1682306914
44,westport,41.1415,-73.3579,11.72,86,0,1.54,US,1682306648
45,bethel,41.3712,-73.414,10.17,87,40,0.89,US,1682306914
46,san quintin,30.4833,-115.95,14.4,81,2,2.0,MX,1682306915
47,kaitangata,-46.2817,169.8464,12.74,54,20,6.74,NZ,1682306915
48,punta arenas,-53.15,-70.9167,6.06,81,100,3.6,CL,1682306915
49,mataura,-46.1927,168.8643,11.38,70,39,4.2,NZ,1682306915
50,glendive,47.1053,-104.7125,4.79,48,0,3.6,US,1682306915
51,atuona,-9.8,-139.0333,27.53,77,8,5.92,PF,1682306915
52,kousseri,12.0769,15.0306,26.98,69,100,2.37,CM,1682306915
53,new norfolk,-42.7826,147.0587,20.72,38,2,1.32,AU,1682306916
54,kahului,20.8947,-156.47,28.01,62,20,3.09,US,1682306916
55,lebu,-37.6167,-73.65,11.17,86,6,4.19,CL,1682306916
56,mar del plata,-38.0023,-57.5575,16.08,92,100,0.0,AR,1682306916
57,bucerias,20.75,-105.3333,23.99,83,0,1.03,MX,1682306916
58,trapani,37.8333,12.6667,14.04,76,5,3.97,IT,1682306917
59,armidale,-30.5167,151.65,12.82,86,100,4.3,AU,1682306917
60,leningradskiy,69.3833,178.4167,-13.57,87,6,7.25,RU,1682306917
61,puro,12.4841,123.3827,29.72,67,21,4.57,PH,1682306917
62,grand-santi,4.25,-54.3833,22.74,99,100,1.0,GF,1682306918
63,tasiilaq,65.6145,-37.6368,-0.91,96,98,3.79,GL,1682306918
64,noshiro,40.2039,140.0242,11.46,36,8,9.48,JP,1682306918
65,key biscayne,25.6937,-80.1628,26.12,86,75,0.0,US,1682306918
66,ibimirim,-8.5406,-37.6903,20.4,82,93,3.03,BR,1682306918
67,zhigansk,66.7697,123.3711,-3.05,87,92,5.64,RU,1682306918
68,tiksi,71.6872,128.8694,-6.3,87,32,2.66,RU,1682306919
69,yining,29.0361,114.5636,10.95,91,100,0.9,CN,1682306919
70,chuy,-33.6971,-53.4616,17.39,95,65,2.48,UY,1682306919
71,te anau,-45.4167,167.7167,9.14,67,75,1.25,NZ,1682306835
72,aginskoye,51.1,114.53,2.93,16,100,6.5,RU,1682306919
73,olafsvik,64.8945,-23.7142,3.12,57,97,3.16,IS,1682306919
74,sande,53.5049,8.0142,11.23,91,71,8.5,DE,1682306920
75,puerto ayora,-0.7393,-90.3518,25.86,91,45,1.34,EC,1682306920
76,bambous virieux,-20.3428,57.7575,26.23,94,75,2.06,MU,1682306920
77,cap malheureux,-19.9842,57.6142,26.37,80,25,4.49,MU,1682306920
78,jamestown,42.097,-79.2353,5.77,87,100,2.57,US,1682306816
79,victoria,22.2855,114.1577,28.44,88,77,4.47,HK,1682306768
80,urumqi,43.801,87.6005,13.53,20,0,1.0,CN,1682306921
81,celestun,20.8667,-90.4,27.57,68,14,7.06,MX,1682306921
82,paamiut,61.994,-49.6678,0.62,85,83,5.74,GL,1682306921
83,niono,14.2526,-5.993,28.4,16,0,3.74,ML,1682306921
84,arraial do cabo,-22.9661,-42.0278,22.5,69,0,1.75,BR,1682306922
85,marfino,55.7028,37.3822,10.46,75,0,1.0,RU,1682306922
86,vaini,-21.2,-175.2,28.09,74,75,4.63,TO,1682306922
87,kodiak,57.79,-152.4072,1.73,48,100,9.26,US,1682306922
88,kieta,-6.2167,155.6333,29.65,72,27,2.13,PG,1682306922
89,padang,-0.9492,100.3543,30.03,67,62,1.31,ID,1682306922
90,amalapuram,16.5833,82.0167,31.41,60,1,2.48,IN,1682306922
91,kapaa,22.0752,-159.319,26.99,87,100,2.57,US,1682306922
92,beitbridge,-22.2167,30.0,19.11,84,4,4.96,ZW,1682306923
93,mattawa,46.7379,-119.9028,14.34,70,92,5.38,US,1682306923
94,lyuban,52.7985,28.0048,10.01,72,95,2.95,BY,1682306923
95,saldanha,-33.0117,17.9442,16.03,96,100,5.41,ZA,1682306923
96,qui nhon,13.7667,109.2333,29.03,69,100,3.61,VN,1682306923
97,waingapu,-9.6567,120.2641,29.02,69,59,6.62,ID,1682306923
98,pangody,65.85,74.4859,0.16,100,100,4.15,RU,1682306923
99,sitka,57.0531,-135.33,6.94,81,100,3.6,US,1682306924
100,kaeo,-35.1,173.7833,17.96,65,0,5.67,NZ,1682306924
101,mirnyy,62.5353,113.9611,0.13,43,15,4.02,RU,1682306924
102,elesbao veloso,-6.2019,-42.1403,21.82,63,100,1.07,BR,1682306924
103,chokurdakh,70.6333,147.9167,-3.29,88,100,4.76,RU,1682306924
104,rethimnon,35.3647,24.4714,11.79,68,71,0.87,GR,1682306925
105,morehead,37.2711,-87.1764,4.99,86,0,0.0,US,1682306925
106,papara,-3.9839,-38.7273,25.22,89,100,1.42,BR,1682306925
107,nanortalik,60.1432,-45.2371,0.3,88,96,0.67,GL,1682306925
108,somova,45.1833,28.6667,4.16,81,68,1.54,RO,1682306925
109,nikolskoye,59.7035,30.7861,11.56,76,9,3.28,RU,1682306925
110,patiya,22.2931,91.9762,28.97,70,75,2.57,BD,1682306925
111,qaanaaq,77.484,-69.3632,-13.99,73,43,3.27,GL,1682306925
112,harrai,22.6167,79.2167,27.66,41,77,7.13,IN,1682306925
113,saint anthony,45.0205,-93.218,3.77,61,75,0.0,US,1682306926
114,verkhnevilyuysk,63.4453,120.3167,-0.75,82,22,3.71,RU,1682306926
115,cockburn town,21.4612,-71.1419,25.34,72,1,3.75,TC,1682306926
116,coquimbo,-29.9533,-71.3436,13.85,94,75,1.54,CL,1682306874
117,salalah,17.0151,54.0924,28.05,74,0,1.03,OM,1682306926
118,barrow,71.2906,-156.7887,-15.99,78,75,4.63,US,1682306926
119,cape town,-33.9258,18.4232,18.4,92,75,6.69,ZA,1682306927
120,pisco,-13.7,-76.2167,22.03,83,0,3.09,PE,1682306927
121,tikrit,34.6071,43.6782,24.48,40,100,1.55,IQ,1682306927
122,livani,56.3543,26.1758,8.82,75,7,3.21,LV,1682306927
123,matara,5.9485,80.5353,28.15,78,99,0.37,LK,1682306927
124,iqaluit,63.7506,-68.5145,0.85,93,100,1.54,CA,1682306927
125,williams lake,52.1415,-122.1445,9.76,71,100,4.63,CA,1682306928
126,gizo,-8.103,156.8419,29.22,73,82,1.29,SB,1682306715
127,smithers,54.7804,-127.1743,7.18,87,100,1.54,CA,1682306709
128,lorengau,-2.0226,147.2712,29.78,71,99,4.09,PG,1682306928
129,camana,-16.6228,-72.7111,21.09,88,11,3.25,PE,1682306928
130,ilulissat,69.2167,-51.1,0.01,100,100,3.09,GL,1682306928
131,kokopo,-4.352,152.2633,28.97,68,65,2.22,PG,1682306928
132,warrnambool,-38.3833,142.4833,24.63,56,0,1.41,AU,1682306928
133,dawson creek,55.7666,-120.2362,6.8,70,100,3.09,CA,1682306928
134,hithadhoo,-0.6,73.0833,28.79,72,100,2.42,MV,1682306929
135,penzance,50.1186,-5.5371,10.43,85,56,7.53,GB,1682306400
136,busselton,-33.65,115.3333,14.86,63,51,7.58,AU,1682306929
137,labuhan,-6.8844,112.2051,29.47,73,98,3.9,ID,1682306929
138,grand forks,47.9417,-97.4337,-0.15,86,0,2.06,US,1682306902
139,ancud,-41.8697,-73.8203,7.74,88,1,1.68,CL,1682306929
140,laizhou,37.1717,119.9214,15.69,27,100,3.14,CN,1682306930
141,tromso,69.6496,18.957,-1.99,69,100,4.12,NO,1682306930
142,guerrero negro,27.9769,-114.0611,15.08,83,0,6.02,MX,1682306930
143,cairns,-16.9167,145.7667,30.59,91,75,5.66,AU,1682306714
144,ostrovnoy,68.0531,39.5131,-6.71,83,10,8.72,RU,1682306930
145,khatanga,71.9667,102.5,-6.25,89,16,3.42,RU,1682306930
146,kununurra,-15.7667,128.7333,31.99,37,2,4.63,AU,1682306931
147,svetlyy,54.675,20.1347,9.03,92,98,1.53,RU,1682306931
148,tocopilla,-22.092,-70.1979,19.93,82,22,2.35,CL,1682306931
149,dostpur,26.2833,82.4667,31.16,18,71,4.3,IN,1682306931
150,yulara,-25.2406,130.9889,26.58,22,13,5.85,AU,1682306931
151,rabo de peixe,37.8,-25.5833,17.73,94,75,6.69,PT,1682306931
152,neuquen,-38.9516,-68.0591,18.94,55,0,3.09,AR,1682306924
153,panaba,21.2833,-88.2667,25.63,68,21,6.4,MX,1682306931
154,anshun,26.25,105.9333,11.53,83,100,3.71,CN,1682306932
155,charters towers,-20.1,146.2667,25.34,55,100,6.55,AU,1682306932
156,clyde river,70.4692,-68.5914,-13.87,92,75,3.09,CA,1682306874
157,mount gambier,-37.8333,140.7667,22.8,38,0,3.06,AU,1682306932
158,smolenka,52.1352,113.4974,4.04,12,0,5.0,RU,1682306932
159,evensk,61.95,159.2333,1.87,88,100,9.41,RU,1682306932
160,binzhou,37.3667,118.0167,16.22,25,96,3.08,CN,1682306932
161,copiapo,-27.3667,-70.3333,13.83,79,0,0.23,CL,1682306932
162,basco,20.4487,121.9702,25.14,72,26,5.17,PH,1682306933
163,ternate,0.8,127.4,29.36,71,11,2.63,ID,1682306933
164,upernavik,72.7868,-56.1549,-0.98,98,97,1.59,GL,1682306933
165,akureyri,65.6835,-18.0878,-5.04,93,0,1.03,IS,1682306933
166,saint-augustin,51.226,-58.6502,1.09,91,1,2.19,CA,1682306933
167,bengkulu,-3.8004,102.2655,29.7,66,82,1.16,ID,1682306933
168,san ignacio,17.1561,-89.0714,27.08,69,0,3.09,BZ,1682306792
169,kazachinskoye,57.6953,93.2761,7.62,57,100,3.1,RU,1682306934
170,tuktoyaktuk,69.4541,-133.0374,-18.0,78,75,2.06,CA,1682306934
171,codrington,-38.2667,141.9667,22.66,42,0,3.57,AU,1682306934
172,khawhai,23.3667,93.1167,24.07,40,4,1.15,IN,1682306934
173,saint-philippe,-21.3585,55.7679,24.77,76,34,2.69,RE,1682306935
174,anamur,36.0751,32.8369,16.06,65,0,2.87,TR,1682306935
175,bacolod,10.6667,122.95,32.12,59,68,5.66,PH,1682306935
176,bojnurd,37.4747,57.329,10.97,87,96,1.03,IR,1682306935
177,vila franca do campo,37.7167,-25.4333,18.23,96,100,8.16,PT,1682306935
178,yelizovo,53.1873,158.3805,5.08,48,75,5.0,RU,1682306935
179,pundaguitan,6.3711,126.1689,28.29,75,68,4.03,PH,1682306935
180,shingu,33.7333,135.9833,16.0,38,100,3.05,JP,1682306935
181,adrar,20.5022,-10.0711,24.24,22,0,3.37,MR,1682306936
182,sao filipe,14.8961,-24.4956,23.53,71,2,6.1,CV,1682306936
183,san juan,-31.5375,-68.5364,15.32,68,100,2.56,AR,1682306936
184,tres arroyos,-38.3739,-60.2798,12.26,69,0,2.83,AR,1682306936
185,ushtobe,45.2514,77.9838,19.36,20,59,3.08,KZ,1682306936
186,vardo,70.3705,31.1107,-3.01,86,62,7.2,NO,1682306936
187,plaster rock,46.9065,-67.39,5.29,89,99,3.54,CA,1682306936
188,touros,-5.1989,-35.4608,25.07,85,96,4.17,BR,1682306936
189,porto novo,6.4965,2.6036,25.9,89,100,0.76,BJ,1682306937
190,airai,-8.9266,125.4092,20.49,80,65,1.84,TL,1682306937
191,kurilsk,45.2333,147.8833,0.63,92,99,4.7,RU,1682306937
192,baghdad,33.3406,44.4009,23.95,53,100,4.12,IQ,1682306937
193,sola,-13.8833,167.55,31.37,70,40,4.12,VU,1682306937
194,broome,42.2506,-75.833,5.32,94,100,0.45,US,1682306937
195,nagato,34.3833,131.2,15.49,47,100,5.02,JP,1682306832
196,changli,39.7042,119.1506,16.83,14,12,3.26,CN,1682306937
197,hambantota,6.1241,81.1185,30.19,79,20,1.54,LK,1682306938
198,tazovskiy,67.4667,78.7,0.11,98,100,7.75,RU,1682306938
199,mehamn,71.0357,27.8492,-1.03,86,40,1.03,NO,1682306938
200,mahebourg,-20.4081,57.7,26.25,94,75,2.06,MU,1682306938
201,castro,-24.7911,-50.0119,12.08,99,19,2.27,BR,1682306659
202,kurchum,48.5722,83.6542,12.9,27,100,9.98,KZ,1682306938
203,rio gallegos,-51.6226,-69.2181,8.03,81,0,1.03,AR,1682306938
204,severo-kurilsk,50.6789,156.125,0.49,79,100,9.55,RU,1682306639
205,hasaki,35.7333,140.8333,18.45,42,100,6.2,JP,1682306939
206,namatanai,-3.6667,152.4333,29.71,68,82,2.5,PG,1682306939
207,saint-leu,-21.15,55.2833,24.48,91,13,1.96,RE,1682306939
208,wenling,28.3669,121.36,16.33,84,100,4.8,CN,1682306939
209,tuatapere,-46.1333,167.6833,10.82,66,79,5.89,NZ,1682306939
210,tezu,27.9167,96.1667,21.06,85,97,0.47,IN,1682306940
211,kabalo,-6.05,26.9167,20.46,98,100,1.22,CD,1682306940
212,namibe,-15.1961,12.1522,24.3,67,13,3.09,AO,1682306940
213,dinga,32.6398,73.722,26.66,21,0,1.66,PK,1682306940
214,isangel,-19.55,169.2667,30.06,74,75,2.57,VU,1682306940
215,santa cruz del norte,23.1539,-81.9236,25.28,79,10,5.19,CU,1682306941
216,aranjuez,40.0311,-3.6025,15.69,74,95,0.39,ES,1682306941
217,deputatskiy,69.3,139.9,-4.92,85,100,3.37,RU,1682306941
218,skjervoy,70.0311,20.9714,-4.0,88,100,5.01,NO,1682306941
219,longyearbyen,78.2186,15.6401,-9.09,73,0,2.06,SJ,1682306941
220,bonavista,48.6499,-53.1147,0.76,92,100,8.62,CA,1682306942
221,souillac,-20.5167,57.5167,24.21,94,75,2.06,MU,1682306942
222,mora,11.0461,14.1401,31.3,32,100,2.24,CM,1682306942
223,denton,33.2001,-97.1336,12.17,75,96,1.8,US,1682306942
224,henties bay,-22.116,14.2845,18.67,78,69,1.53,NA,1682306942
225,ribeira grande,38.5167,-28.7,17.65,97,100,7.15,PT,1682306943
226,te kauwhata,-37.4,175.15,17.3,53,4,3.86,NZ,1682306943
227,the pas,53.8251,-101.2541,-0.99,59,0,1.03,CA,1682306943
228,port hardy,50.6996,-127.4199,8.1,76,75,3.6,CA,1682306943
229,nangan,6.4726,126.1244,28.36,74,64,2.38,PH,1682306943
230,donskoye,45.4552,41.9741,10.07,78,91,5.36,RU,1682306944
231,sur,22.5667,59.5289,29.19,56,100,2.85,OM,1682306944
232,georgetown,5.4112,100.3354,31.96,79,20,3.09,MY,1682306691
233,chimoio,-19.1164,33.4833,17.92,82,0,1.36,MZ,1682306945
234,shymkent,42.3,69.6,15.33,63,0,1.0,KZ,1682306945
235,ontario,34.0633,-117.6509,22.71,73,0,5.14,US,1682306652
236,champerico,14.3,-91.9167,28.75,68,9,3.83,GT,1682306945
237,san rafael,-34.6177,-68.3301,15.19,62,2,1.0,AR,1682306945
238,east london,-33.0153,27.9116,19.52,77,0,1.54,ZA,1682306945
239,pandrup,57.2215,9.6757,7.95,87,100,2.06,DK,1682306946
240,san jose,37.3394,-121.895,15.24,74,20,8.94,US,1682306825
241,coahuayana,18.7333,-103.6833,22.99,89,69,0.21,MX,1682306946
242,nemuro,43.3236,145.575,4.1,73,98,2.03,JP,1682306946
243,buraydah,26.326,43.975,20.25,41,18,4.32,SA,1682306702
244,vao,-22.6667,167.4833,25.27,74,49,6.02,NC,1682306946
245,husavik,66.0449,-17.3389,-1.02,66,15,1.93,IS,1682306947
246,vorukh,39.8494,70.5838,16.97,26,51,0.56,TJ,1682306779
247,vestmannaeyjar,63.4427,-20.2734,3.7,79,97,6.94,IS,1682306947
248,imbituba,-28.24,-48.6703,22.14,90,46,3.08,BR,1682306947
249,kruisfontein,-34.0033,24.7314,17.16,80,100,2.14,ZA,1682306947
250,havre-saint-pierre,50.2334,-63.5986,2.0,93,0,3.09,CA,1682306947
251,darab,28.7519,54.5444,21.65,24,24,2.03,IR,1682306948
252,valleyview,55.0667,-117.2859,7.61,68,99,4.13,CA,1682306948
253,linhares,-19.3911,-40.0722,19.93,87,54,1.68,BR,1682306948
254,sohag,26.557,31.6948,22.8,31,1,1.92,EG,1682306948
255,chapulhuacan,21.1667,-98.9,21.58,78,16,1.81,MX,1682306948
256,pishin,30.5803,66.9961,20.16,12,100,1.27,PK,1682306949
257,gidam,18.9833,81.4,27.1,59,63,1.96,IN,1682306949
258,gigmoto,13.7796,124.39,29.26,66,28,4.61,PH,1682306949
259,grindavik,63.8424,-22.4338,2.97,75,40,1.03,IS,1682306949
260,olonets,60.9847,32.9698,5.27,88,32,2.65,RU,1682306949
261,moose factory,51.2585,-80.6094,1.0,100,100,2.06,CA,1682306949
262,nijar,36.9665,-2.206,14.81,77,20,3.09,ES,1682306950
263,ponta do sol,32.6667,-17.1,17.62,76,53,1.86,PT,1682306950
264,santa cruz cabralia,-16.2781,-39.0247,22.13,94,100,2.57,BR,1682306950
265,bria,6.5423,21.9863,22.04,92,99,1.18,CF,1682306950
266,bad neuenahr-ahrweiler,50.55,7.1,9.76,75,72,3.13,DE,1682306950
267,dudinka,69.4058,86.1778,1.46,81,61,6.11,RU,1682306951
268,aklavik,68.2191,-135.0107,-15.51,89,100,5.53,CA,1682306951
269,cata,46.0833,25.2667,4.34,92,10,1.54,RO,1682306951
270,flin flon,54.7682,-101.865,-2.89,93,38,2.42,CA,1682306951
271,salinopolis,-0.6136,-47.3561,25.67,83,100,3.43,BR,1682306951
272,kavaratti,10.5669,72.642,28.6,72,96,5.18,IN,1682306951
273,karabuk,41.2049,32.6277,7.73,92,97,0.8,TR,1682306951
274,luena,-11.7833,19.9167,16.5,92,100,0.25,AO,1682306952
275,klaksvik,62.2266,-6.589,2.51,63,100,11.01,FO,1682306952
276,arlit,18.7369,7.3853,27.68,12,85,1.58,NE,1682306952
277,tacuarembo,-31.7333,-55.9833,14.39,66,70,2.23,UY,1682306906
278,muisne,0.6,-80.0333,24.87,90,100,0.43,EC,1682306952
279,provideniya,64.3833,-173.3,-4.94,63,2,8.0,RU,1682306953
280,kimbe,-5.5502,150.1429,31.36,61,47,2.62,PG,1682306953
281,egvekinot,66.3167,-179.1667,-7.4,70,0,2.87,RU,1682306953
282,vilhena,-12.7406,-60.1458,19.85,98,92,1.44,BR,1682306953
283,diffa,13.3154,12.6113,29.47,33,79,4.02,NE,1682306953
284,faanui,-16.4833,-151.75,27.57,77,65,3.99,PF,1682306953
285,stokmarknes,68.5646,14.9108,-2.01,69,100,1.54,NO,1682306954
286,vozhega,60.4725,40.2213,6.06,85,33,2.14,RU,1682306954
287,kiruna,67.8557,20.2251,-12.49,79,21,2.57,SE,1682306954
288,darnah,32.767,22.6367,16.2,91,60,3.31,LY,1682306954
289,kalabo,-14.97,22.6814,20.15,69,100,1.82,ZM,1682306954
290,yerbogachen,61.2767,108.0108,-0.6,75,97,3.42,RU,1682306954
291,zlobin,45.2924,14.6541,9.21,88,75,1.03,HR,1682306955
292,haines junction,60.7522,-137.5108,-3.03,74,100,3.6,CA,1682306955
293,fairview,40.8126,-73.999,12.92,55,75,7.2,US,1682306955
294,mareeba,-17.0,145.4333,27.47,70,74,4.69,AU,1682306955
295,hirara,24.8,125.2833,26.15,69,40,4.63,JP,1682306955
296,esperance,-33.8667,121.9,23.31,46,100,9.0,AU,1682306955
297,nisia floresta,-6.0911,-35.2086,25.21,91,96,2.93,BR,1682306956
298,torbay,47.6666,-52.7314,2.71,96,100,10.28,CA,1682306956
299,quatre cocos,-20.2078,57.7625,26.72,82,31,2.94,MU,1682306956
300,kyzyl-suu,42.3414,78.0056,11.89,33,10,0.62,KG,1682306956
301,bandarbeyla,9.4942,50.8122,27.42,68,18,1.37,SO,1682306957
302,omsk,55.0,73.4,8.94,75,75,5.0,RU,1682306957
303,gamba,-2.65,10.0,25.43,90,100,1.83,GA,1682306957
304,narsaq,60.9167,-46.05,1.12,74,91,0.77,GL,1682306957
305,samarai,-10.6167,150.6667,29.33,71,16,4.17,PG,1682306958
306,butaritari,3.0707,172.7902,28.63,77,95,8.08,KI,1682306958
307,kismayo,-0.3582,42.5454,27.48,79,62,3.12,SO,1682306958
308,cedar city,37.6775,-113.0619,6.7,93,100,8.23,US,1682306806
309,erenhot,43.6475,111.9767,13.17,36,100,7.82,CN,1682306958
310,rawson,-43.3002,-65.1023,15.69,61,99,0.77,AR,1682306959
311,whitehorse,60.7161,-135.0538,5.43,75,75,0.0,CA,1682306947
312,hay river,60.8156,-115.7999,0.99,80,75,2.57,CA,1682306959
313,chumikan,54.7183,135.315,3.72,48,94,5.58,RU,1682306959
314,aquiraz,-3.9014,-38.3911,26.05,82,92,3.58,BR,1682306960
315,geraldton,-28.7667,114.6,19.23,77,100,7.72,AU,1682306777
316,zhanakorgan,43.9098,67.2495,19.62,29,100,8.94,KZ,1682306960
317,lithakia,37.7167,20.8333,10.65,78,5,1.13,GR,1682306960
318,golspie,57.9727,-3.978,5.08,89,100,5.66,GB,1682306960
319,noumea,-22.2763,166.4572,27.99,77,46,4.09,NC,1682306663
320,aksarka,66.5606,67.7975,-6.96,82,100,6.83,RU,1682306960
321,taoudenni,22.6783,-3.9836,27.35,19,0,4.33,ML,1682306961
322,matamoros,25.5333,-103.25,29.06,14,20,2.06,MX,1682306961
323,zima,53.9202,102.0442,7.35,37,2,3.58,RU,1682306961
324,cidreira,-30.1811,-50.2056,21.14,83,100,6.58,BR,1682306961
325,wad madani,14.4012,33.5199,29.99,35,1,2.21,SD,1682306961
326,vagur,61.4732,-6.8119,2.85,62,100,11.04,FO,1682306961
327,kalmunai,7.4167,81.8167,29.61,70,100,2.89,LK,1682306962
328,xuddur,4.1213,43.8894,24.37,83,99,2.74,SO,1682306962
329,krasnyy chikoy,50.3643,108.7512,4.47,35,100,2.78,RU,1682306962
330,mercedes,-34.6515,-59.4307,14.92,75,100,2.98,AR,1682306962
331,ballina,-28.8667,153.5667,22.66,59,87,6.54,AU,1682306962
332,alice springs,-23.7,133.8833,26.75,26,16,7.2,AU,1682306963
333,san cristobal,7.7669,-72.225,18.1,96,90,1.3,VE,1682306963
334,waddan,29.1614,16.139,15.88,81,83,4.35,LY,1682306963
335,woodward,36.4337,-99.3904,9.57,40,0,4.12,US,1682306963
336,lagoa,39.05,-27.9833,16.32,90,100,4.99,PT,1682306963
337,camalu,30.85,-116.0667,14.24,81,4,1.74,MX,1682306964
338,honningsvag,70.9821,25.9704,-2.14,86,75,1.54,NO,1682306964
339,jiuquan,39.7432,98.5174,13.59,29,100,8.42,CN,1682306964
340,kinablangan,7.6947,126.5503,29.06,72,66,2.68,PH,1682306964
341,pyaozerskiy,65.8333,31.1667,-2.11,85,100,2.15,RU,1682306964
342,tura,25.5198,90.2201,28.51,40,6,0.21,IN,1682306965
343,pacific grove,36.6177,-121.9166,14.58,88,100,3.6,US,1682306819
344,katsuura,35.1333,140.3,11.09,67,100,6.6,JP,1682306965
345,moron,-34.6534,-58.6198,18.32,93,96,2.61,AR,1682306965
346,bure,10.7,37.0667,15.83,65,30,1.83,ET,1682306966
347,ndele,8.4109,20.6473,21.67,93,100,2.64,CF,1682306966
348,rurrenabaque,-14.4413,-67.5278,20.02,89,66,0.96,BO,1682306966
349,sibolga,1.7427,98.7792,30.2,66,90,0.9,ID,1682306966
350,ahuimanu,21.4447,-157.8378,26.84,73,75,4.12,US,1682306967
351,pangnirtung,66.1451,-65.7125,-0.6,86,100,2.5,CA,1682306967
352,shelburne,44.0787,-80.2041,3.2,95,63,2.65,CA,1682306967
353,fukue,32.6881,128.8419,17.2,51,100,4.63,JP,1682306967
354,sydney,-33.8679,151.2073,23.12,76,75,6.17,AU,1682306793
355,kafue,-15.7691,28.1814,17.41,72,68,1.22,ZM,1682306968
356,yar-sale,66.8333,70.8333,-5.33,94,100,10.71,RU,1682306968
357,gornopravdinsk,60.05,69.9,-1.43,71,85,5.92,RU,1682306968
358,young,-32.6833,-57.6333,15.25,69,86,3.77,UY,1682306968
359,kathu,7.9178,98.3332,31.5,99,92,3.43,TH,1682306968
360,jalu,29.0331,21.5482,22.23,29,0,5.16,LY,1682306968
361,iskateley,67.6803,53.1512,-6.82,91,23,7.01,RU,1682306969
362,guarapuava,-25.3953,-51.4581,11.06,91,0,1.97,BR,1682306969
363,fort nelson,58.8053,-122.7002,5.77,51,100,7.2,CA,1682306969
364,saint george,37.1041,-113.5841,23.33,27,0,1.54,US,1682306969
365,opelika,32.6454,-85.3783,17.14,57,100,6.17,US,1682306969
366,tucupita,9.0622,-62.051,22.79,93,81,0.77,VE,1682306969
367,tongliao,43.6125,122.2653,16.2,10,40,6.48,CN,1682306969
368,caravelas,-17.7125,-39.2481,24.92,70,97,4.78,BR,1682306970
369,dunedin,-45.8742,170.5036,11.56,10,11,9.38,NZ,1682306968
370,lasa,46.6166,10.7002,8.49,99,100,1.77,IT,1682306970
371,wajir,1.7471,40.0573,25.99,81,94,2.17,KE,1682306970
372,college,64.8569,-147.8028,-7.74,65,100,8.75,US,1682306970
373,roma,43.2128,-75.4557,6.08,83,100,1.54,US,1682306970
374,karratha,-20.7377,116.8463,30.9,42,29,3.45,AU,1682306971
375,tiznit,29.5833,-9.5,18.23,59,3,0.66,MA,1682306971
376,dongsheng,39.8161,109.9776,4.91,59,100,5.33,CN,1682306971
377,luderitz,-26.6481,15.1594,17.17,54,100,3.16,NA,1682306971
378,comodoro rivadavia,-45.8667,-67.5,13.92,51,0,2.06,AR,1682306845
379,bad bentheim,52.3167,7.1667,10.53,86,94,3.13,DE,1682306971
380,sangar,63.9242,127.4739,0.68,64,67,5.83,RU,1682306972
381,tsiroanomandidy,-18.7667,46.0333,17.14,96,0,0.56,MG,1682306972
382,pevek,69.7008,170.3133,0.12,77,0,1.08,RU,1682306972
383,outram,1.2829,103.8379,32.91,65,75,2.57,MY,1682306972
384,havre,49.5833,0.3333,9.22,93,100,5.14,FR,1682306972
385,carutapera,-1.195,-46.02,24.05,93,100,2.13,BR,1682306972
386,hualmay,-11.0964,-77.6139,23.9,78,38,3.77,PE,1682306972
387,nabire,-3.3667,135.4833,29.5,70,33,2.36,ID,1682306972
388,brest,52.1,23.7,9.98,76,0,3.0,BY,1682306972
389,santa marta,11.2408,-74.199,27.03,69,40,8.23,CO,1682306973
390,prado,-17.3411,-39.2208,24.27,77,98,4.94,BR,1682306973
391,bela vista de goias,-16.9728,-48.9533,20.64,75,95,1.51,BR,1682306973
392,wanning,18.8003,110.3967,29.11,74,68,4.84,CN,1682306973
393,ayan,56.45,138.1667,3.23,55,13,6.15,RU,1682306973
394,ixtapa,20.7,-105.2,23.57,83,0,1.03,MX,1682306973
395,port blair,11.6667,92.75,30.73,63,9,3.8,IN,1682306973
396,concepcion,-36.827,-73.0498,11.89,100,100,2.57,CL,1682306974
397,mayumba,-3.432,10.6554,25.45,88,84,2.67,GA,1682306974
398,cariamanga,-4.3333,-79.55,11.03,98,100,1.36,EC,1682306974
399,garowe,8.4054,48.4845,23.96,80,25,2.39,SO,1682306974
400,bathsheba,13.2167,-59.5167,25.34,94,20,2.57,BB,1682306975
401,kosonsoy,41.2561,71.5508,16.31,24,98,0.99,UZ,1682306975
402,fortuna,40.5982,-124.1573,11.19,82,100,1.79,US,1682306975
403,arawa,-6.2132,155.5367,30.5,70,40,2.01,PG,1682306975
404,kapiri mposhi,-13.9652,28.6809,15.45,87,100,2.01,ZM,1682306975
405,san patricio,28.017,-97.5169,18.24,89,100,6.26,US,1682306762
406,shostka,51.863,33.4698,8.25,68,80,2.22,UA,1682306975
407,narasaraopet,16.25,80.0667,31.06,61,5,4.36,IN,1682306975
408,andenes,69.3143,16.1194,-2.01,74,100,4.12,NO,1682306976
409,holme,56.1138,10.1725,9.76,89,100,5.42,DK,1682306976
410,warmbad,-28.45,18.7333,21.29,4,100,1.98,NA,1682306976
411,kingman,35.1894,-114.053,25.71,28,0,5.14,US,1682306976
412,bonthe,7.5264,-12.505,27.12,86,8,1.69,SL,1682306976
413,north platte,41.1239,-100.7654,8.95,38,40,6.26,US,1682306976
414,susuman,62.7833,148.1667,-3.1,72,100,7.61,RU,1682306977
415,taikang,46.8333,124.4167,13.07,12,71,4.12,CN,1682306977
416,canala,-21.5333,165.95,26.24,70,58,3.13,NC,1682306977
417,garissa,-0.4536,39.6401,26.34,78,99,2.22,KE,1682306977
418,dzilam gonzalez,21.2833,-88.9333,27.56,58,35,4.73,MX,1682306977
419,shakawe,-18.3667,21.85,22.21,48,100,1.11,BW,1682306978
420,northam,51.0333,-4.2167,8.12,95,15,2.58,GB,1682306978
421,russell,32.3502,-85.1999,18.6,52,0,5.66,US,1682306978
422,toucheng,24.8592,121.8233,25.25,94,100,2.01,TW,1682306978
423,madimba,-10.4,40.3333,24.01,92,21,3.07,TZ,1682306978
424,alofi,-19.0595,-169.9187,26.94,65,40,3.09,NU,1682306978
425,ust-maya,60.4167,134.5333,0.43,81,100,5.49,RU,1682306979
426,palana,59.1167,159.9667,0.76,80,100,7.33,RU,1682306979
427,half moon bay,37.4636,-122.4286,15.27,84,100,9.26,US,1682306979
428,wahiawa,21.5028,-158.0236,25.18,73,100,4.12,US,1682306979
429,southbridge,42.0751,-72.0334,9.48,99,80,0.45,US,1682306979
430,carmen de apicala,4.1473,-74.7201,23.48,88,100,0.53,CO,1682306979
431,balkhash,46.844,74.9804,12.34,50,20,2.0,KZ,1682306980
432,at-bashi,41.1702,75.8106,10.54,31,72,0.85,KG,1682306980
433,taksimo,56.3444,114.8794,-0.13,35,86,3.54,RU,1682306980
434,alvorada,-12.48,-49.1247,23.69,67,73,1.76,BR,1682306980
435,prince rupert,54.3161,-130.3201,7.05,92,100,7.2,CA,1682306980
436,langa,56.3903,9.8949,10.06,86,100,4.62,DK,1682306980
437,saint-francois,46.4154,3.9054,9.69,81,100,4.12,FR,1682306980
438,longkou,37.6508,120.3286,12.75,38,100,4.33,CN,1682306981
439,marsabit,2.3284,37.9899,18.0,76,78,2.22,KE,1682306981
440,ucluelet,48.9329,-125.5528,7.27,94,100,1.39,CA,1682306981
441,sivas,39.7916,37.0019,4.35,100,75,2.57,TR,1682306981
442,sorland,67.667,12.6934,0.92,57,16,4.97,NO,1682306981
443,saint-honore,48.5334,-71.0824,8.14,67,100,2.89,CA,1682306981
444,lang son,21.8333,106.7333,26.6,75,100,2.25,VN,1682306982
445,richards bay,-28.783,32.0377,17.8,87,72,1.93,ZA,1682306712
446,nhamunda,-2.1861,-56.7131,23.65,93,100,1.07,BR,1682306982
447,cabedelo,-6.9811,-34.8339,25.37,83,98,4.35,BR,1682306779
448,saharanpur,29.9667,77.55,27.88,15,100,2.41,IN,1682306982
449,kharan,28.5833,65.4167,25.8,22,94,0.88,PK,1682306982
450,matagami,49.7502,-77.6328,1.06,100,100,4.63,CA,1682306982
451,minas,-34.3759,-55.2377,14.47,95,99,2.73,UY,1682306906
452,freeport,40.6576,-73.5832,13.34,68,20,5.66,US,1682306749
453,sokolac,43.9397,18.8017,6.54,91,79,2.24,BA,1682306983
454,neiafu,-18.65,-173.9833,28.38,65,20,4.63,TO,1682306983
455,kashi,39.4547,75.9797,16.56,27,0,3.0,CN,1682306984
456,otane,-39.8833,176.6333,12.23,62,19,6.02,NZ,1682306984
457,gao,16.6362,1.637,28.49,18,22,3.76,ML,1682306984
458,plettenberg bay,-34.0527,23.3716,19.33,80,100,0.95,ZA,1682306984
459,jizan,17.3333,42.6667,28.52,50,81,1.19,SA,1682306984
460,hanamaki,39.3833,141.1167,12.11,26,40,5.66,JP,1682306984
461,lata,40.1629,-8.3327,13.93,97,18,1.22,PT,1682306985
462,gazimurskiy zavod,51.5461,118.3266,3.12,26,0,5.92,RU,1682306985
463,saskylakh,71.9167,114.0833,-9.35,90,63,2.68,RU,1682306985
464,uttaradit,17.6667,100.5,32.76,44,69,1.3,TH,1682306985
465,beringovskiy,63.05,179.3167,-3.31,80,100,5.86,RU,1682306985
466,katherine,-14.4667,132.2667,32.18,43,2,6.69,AU,1682306986
467,coihaique,-45.5752,-72.0662,10.34,81,75,3.6,CL,1682306986
468,solton,52.8429,86.4787,7.44,75,98,1.8,RU,1682306986
469,nyimba,-14.5566,30.8149,17.16,72,99,1.44,ZM,1682306986
470,anadyr,64.75,177.4833,-4.72,79,40,13.0,RU,1682306986
471,dhidhdhoo,6.8833,73.1,29.21,68,96,4.86,MV,1682306986
472,goderich,43.7501,-81.7165,4.95,87,63,2.06,CA,1682306987
473,gisborne,-38.6533,178.0042,12.77,69,98,9.4,NZ,1682306987
474,erzin,36.9559,36.2,12.93,89,1,1.38,TR,1682306988
475,perth,-31.9333,115.8333,18.77,63,75,6.69,AU,1682306341
476,leshukonskoye,64.8989,45.7622,-5.92,86,100,1.65,RU,1682306989
477,riyadh,24.6877,46.7219,24.08,36,6,1.69,SA,1682306989
478,lazarev,52.225,141.5131,2.95,58,13,8.21,RU,1682306989
479,soure,-0.7167,-48.5233,25.63,83,100,2.58,BR,1682306989
480,ambilobe,-13.2,49.05,22.55,96,28,1.34,MG,1682306990
481,hvide sande,56.0045,8.1294,9.49,93,100,5.39,DK,1682306990
482,avera,33.194,-82.5271,17.03,54,88,3.14,US,1682306990
483,nyurba,63.2842,118.3319,-0.77,83,15,2.23,RU,1682306990
484,orlik,52.5178,99.825,-2.8,58,4,1.35,RU,1682306990
485,nhulunbuy,-12.2333,136.7667,30.34,74,75,6.17,AU,1682306990
486,fairbanks,64.8378,-147.7164,-7.73,65,100,8.75,US,1682306991
487,honiara,-9.4333,159.95,29.24,77,33,1.94,SB,1682306991
488,iba,15.3667,120.0333,30.25,61,88,3.38,PH,1682306991
489,hammerfest,70.6634,23.6821,-1.75,93,75,3.6,NO,1682306991
490,novo aripuana,-5.1206,-60.3797,22.46,95,100,0.44,BR,1682306991
491,boa vista,2.8197,-60.6733,23.99,94,20,1.03,BR,1682306708
492,santa isabel do rio negro,-0.4139,-65.0192,23.2,98,97,1.08,BR,1682306992
493,palafrugell,41.9174,3.1631,12.42,54,79,0.45,ES,1682306992
494,merauke,-8.4667,140.3333,27.51,80,100,1.54,ID,1682306704
495,nishihara,26.1842,127.7558,25.81,67,75,5.66,JP,1682306992
496,quang ngai,15.1167,108.8,31.56,57,63,3.25,VN,1682306992
497,bela vista,-22.1089,-56.5211,19.32,93,0,1.57,BR,1682306992
498,choix,26.7092,-108.3219,24.9,24,6,0.86,MX,1682306992
499,hereford,52.0568,-2.7148,7.81,92,28,1.21,GB,1682306993
500,zyryanka,65.75,150.85,-0.29,96,100,7.22,RU,1682306993
501,bang saphan,11.2126,99.5117,32.42,56,100,2.08,TH,1682306993
502,umm lajj,25.0213,37.2685,26.16,71,74,5.19,SA,1682306993
503,tilichiki,60.4667,166.1,-0.37,99,100,6.5,RU,1682306993
504,starobaltachevo,56.0013,55.9213,10.35,65,100,1.11,RU,1682306993
505,bilibino,68.0546,166.4372,0.99,77,2,2.4,RU,1682306994
506,pilar,-9.5972,-35.9567,23.96,89,100,1.03,BR,1682306994
507,pinotepa de don luis,16.4167,-97.9167,23.68,82,100,0.77,MX,1682306994
508,marawi,7.9986,124.2928,28.04,62,60,1.44,PH,1682306994
509,salcioara,44.7167,25.5833,9.41,76,15,3.03,RO,1682306994
510,inuvik,68.3499,-133.7218,-17.58,71,20,3.6,CA,1682306994
511,kuytun,54.3419,101.5036,6.38,41,2,4.0,RU,1682306995
512,bubaque,11.2833,-15.8333,26.16,64,11,5.23,GW,1682306995
513,bilma,18.6853,12.9164,28.3,7,90,2.84,NE,1682306995
514,teguldet,57.3064,88.1667,6.04,69,100,3.3,RU,1682306995
515,jiwani,25.05,61.7417,26.9,77,98,2.38,PK,1682306995
516,arona,28.0996,-16.681,14.9,68,40,4.63,ES,1682306745
517,senneterre,48.3835,-77.2328,1.05,98,100,1.82,CA,1682306995
518,port lincoln,-34.7333,135.8667,22.43,50,0,4.91,AU,1682306995
519,helong,42.5397,128.9972,11.01,13,2,4.04,CN,1682306996
520,belmonte,-15.8631,-38.8828,23.94,90,100,5.38,BR,1682306996
521,palora,-1.7,-77.9333,19.21,98,100,0.84,EC,1682306996
522,pinega,64.7001,43.3936,-4.54,86,100,1.56,RU,1682306996
523,inta,66.0317,60.1659,-6.06,90,98,8.11,RU,1682306996
524,pangai,-19.8,-174.35,25.06,83,75,4.63,TO,1682306996
525,morondava,-20.2833,44.2833,21.73,85,0,2.32,MG,1682306996
526,santiago,-33.4569,-70.6483,16.03,67,0,2.57,CL,1682306996
527,dong hoi,17.4833,106.6,29.16,71,100,3.38,VN,1682306997
528,grand gaube,-20.0064,57.6608,26.88,79,24,0.45,MU,1682306997
529,beatrice,40.2681,-96.747,9.05,40,40,2.57,US,1682306997
530,ranot,7.7777,100.3213,30.55,66,100,4.29,TH,1682306997
531,port augusta,-32.5,137.7667,27.38,28,0,3.67,AU,1682306997
532,paita,-5.0892,-81.1144,26.1,80,100,6.4,PE,1682306878
533,hundested,55.9667,11.8667,8.94,84,100,1.34,DK,1682306999
534,ambon,-3.6954,128.1814,31.09,80,40,2.57,ID,1682306999
535,srednekolymsk,67.45,153.6833,1.23,86,100,7.86,RU,1682306999
536,acapulco,16.8634,-99.8901,27.9,69,20,2.57,MX,1682306999
537,quelimane,-17.8786,36.8883,21.97,94,0,0.0,MZ,1682306999
538,ponta delgada,37.7333,-25.6667,18.4,94,75,6.69,PT,1682306999
539,isla vista,34.4133,-119.861,17.68,72,0,4.63,US,1682306802
540,sisimiut,66.9395,-53.6735,-0.13,99,100,1.57,GL,1682307000
541,shubarkuduk,49.1447,56.4872,11.14,67,2,2.27,KZ,1682307000
542,nuevo laredo,27.4763,-99.5164,17.15,72,100,4.12,MX,1682306565
543,sorong,-0.8833,131.25,28.99,72,24,2.77,ID,1682307000
544,lomovka,53.9194,58.3672,6.7,73,55,1.59,RU,1682307000
545,tigil,57.8,158.6667,3.44,80,99,4.12,RU,1682307001
546,lampa,-33.2833,-70.9,14.8,82,0,2.57,CL,1682306825
547,springdale,36.1867,-94.1288,8.95,56,0,1.54,US,1682307001
548,margate,51.3813,1.3862,8.26,82,89,3.58,GB,1682307001
549,inhambane,-23.865,35.3833,21.38,82,16,3.73,MZ,1682307002
550,knin,44.0439,16.2,12.72,73,100,2.23,HR,1682307002
551,una,20.8167,71.0333,31.31,38,81,3.8,IN,1682307002
552,krasnoselkup,65.7,82.4667,1.54,99,100,10.14,RU,1682307002
553,mazatlan,23.2167,-106.4167,23.84,87,40,0.45,MX,1682307003
554,san matias,-16.3667,-58.4,22.53,88,48,0.72,BO,1682307006
555,innisfail,-17.5333,146.0333,23.43,88,99,6.68,AU,1682307006
556,sambava,-14.2667,50.1667,24.16,90,71,1.58,MG,1682307010
557,carupano,10.6678,-63.2585,24.48,90,100,1.22,VE,1682307010
558,pocone,-16.2567,-56.6228,23.21,83,73,1.84,BR,1682307010
559,shirakawa,37.1223,140.2376,13.21,25,100,5.42,JP,1682307011
560,dengzhou,37.8086,120.7508,12.75,35,97,4.45,CN,1682307011
561,samsun,41.25,36.3333,9.42,93,75,2.06,TR,1682307011
562,darhan,49.4867,105.9228,7.25,26,91,6.13,MN,1682307011
563,wukari,7.85,9.7833,25.06,80,100,1.58,NG,1682307012
564,rio grande,-32.035,-52.0986,19.78,89,100,4.77,BR,1682307005
565,sinnamary,5.3833,-52.95,24.29,88,99,0.48,GF,1682307012
566,lavrentiya,65.5833,-171.0,-8.05,78,0,2.94,RU,1682307013
567,yadgir,16.7667,77.1333,31.7,42,48,4.75,IN,1682307013
568,oeiras,-7.0253,-42.1311,21.34,72,100,1.3,BR,1682307014
569,maneadero,31.7167,-116.5667,14.5,77,17,0.51,MX,1682307014
570,colares,38.7992,-9.4469,15.74,89,22,7.6,PT,1682307014
571,usak,38.5,29.4167,6.5,86,1,0.63,TR,1682307014
572,usinsk,65.9939,57.5281,-5.22,86,38,6.71,RU,1682307015
573,minab,27.1467,57.0801,27.8,37,67,1.13,IR,1682307015
